Value [m];err Value;Wert [V] 10^12;err Wert;t_1 [s];t_2;t_3;err t
5;0.7;0.378;0.0056894;234;14;234;0.9
7;0.6;0.8564;0.0056894;656;567;567;0.9
6;0.7;0.68;0.0056894;567;567;7875;0.9
7;0.14;0.6894;0.0056894;567;567;567;0.9
8;0.35;;;567;567;67;0.9
;;;;;;;
;;;;;;;
;;;;;;;
;;;;;;;
