Value [m];err Value;Wert [V] 10^12;err Wert;t_1 [s] 10^2;t_2;t_3;err t
3.42;0.12;1.23;0.056;12.5;13.0;11.8;0.3
8.76;0.05;9.87;0.004;23.4;22.9;24.1;0.2
5.11;0.9;0.00345;0.00012;56.7;55.2;57.1;0.8
12.3;1.5;7.89;0.0567;100;98;102;1.2
0.567;0.034;0.000123;0.000045;0.5;0.45;0.52;0.05